bits	cover size	capacity	MLM bits	Emo bits	Typo bits	MLM share	Emo share	Typo share
87	258	34	18	27	42	0.20689655172413793	0.3103448275862069	0.4827586206896552
61	195	31	10	19	32	0.16393442622950818	0.3114754098360656	0.5245901639344263
78	224	35	15	27	36	0.19230769230769232	0.34615384615384615	0.46153846153846156
70	215	33	7	27	36	0.1	0.38571428571428573	0.5142857142857142
81	234	35	12	29	40	0.14814814814814814	0.35802469135802467	0.49382716049382713
74	228	32	8	27	39	0.10810810810810811	0.36486486486486486	0.527027027027027
79	240	33	11	25	43	0.13924050632911392	0.31645569620253167	0.5443037974683544
79	240	33	11	26	42	0.13924050632911392	0.3291139240506329	0.5316455696202531
