	bits	cover size	capacity	MLM bits	Emo bits	Typo bits	MLM share	Emo share	Typo share
count	11	11	11	11.0	11.0	11.0	11.0	11.0	11.0
mean	79	234	34	14.636363636363637	29.363636363636363	34.90909090909091	18.636363636363637	37.09090909090909	44.27272727272727
std	12	41	3	2.377928816122437	6.054299749314156	4.846742111038	2.618118686107537	3.5903912169719177	2.2401298663653
min	64	176	30	10.0	21.0	29.0	15.0	31.0	40.0
25%	69	206	33	13.5	26.5	31.0	16.5	36.0	43.0
50%	76	226	34	15.0	28.0	33.0	19.0	37.0	44.0
75%	87	270	35	16.0	31.5	38.5	20.0	37.5	45.5
max	99	292	38	19.0	41.0	43.0	24.0	44.0	48.0
